47896073121	Bearded Gentleman In Morris, Illinois	 posted="1558408849"
47896072021	Bearded Gentleman In Morris, Illinois	 posted="1558408850"
47892708601	Figwort Weevil - Cionus tuberculosis	 posted="1558377798"
47823846512	DSC_0218MollyStarkeditbw	 posted="1558206116"
40909617053	DSC_0215MollyStarkedit	 posted="1558206117"
47823844232	DSC_0216MollyStarkedit	 posted="1558206117"
47823843062	DSC_0218MollyStarkedit	 posted="1558206118"
47804820272	_UG80745BW50frei	 posted="1557942403"
33968726538	Non-Small Lung Cancer Survivor Mug Gifts Funny Gag Gift Coffee Mug Tea Cup White 11 oz	 posted="1557811082"
47051638624	Philip Anochie in a P3 WHO  suparanational tuberculosis laboratory in Italy.	 posted="1557755503"
