31108218	A comparison of leukotriene receptor antagonists to low-dose inhaled corticosteroids in elderly mild asthmatics.
31108182	Beer allergy: when malt is the culprit.
31108181	Breakthrough reactions during rapid drug desensitization: Clinical outcome and risk factors.
31108180	Phenotypes favoring fractional exhaled nitric oxide discordance vs guideline based uncontrolled asthma.
31108179	Successful Oral Desensitization with Dasatinib in Delayed Cutaneous Hypersensitivity Reactions.
31107966	Mucolytic agents versus placebo for chronic bronchitis or chronic obstructive pulmonary disease.
31107766	Caring for the Transgender Adolescent: It Takes a Village.
31106879	Risk of severe maternal morbidity in relation to prepregnancy body mass index: Roles of maternal co-morbidities and caesarean birth.
31106621	Female-specific risk factors associated with risk of ACO (Asthma COPD Overlap) in Aboriginal People.
31106571	Reply to: Selection of Biologics for Type 2 High Asthma.
