46983367315	Are You Feeding Your Children the Best, Most Healthy Food?	 posted="1558445223"
47109835034	RIP Beloved Marie	 posted="1558442534"
46980069805	Bill Would Fast-track Investment in Solar Throughout Maine	 posted="1558408033"
47843127802	Bills Creek waterfalls farewell	 posted="1558398238"
47843127682	Backpacking tents in scale	 posted="1558398236"
47843127572	Bills Creek camp - Si Bullock place.	 posted="1558398234"
47843127502	Bills Creek camp. Si Bullock place	 posted="1558398232"
47843127332	Waterspout Creek upriver	 posted="1558398230"
47843127212	Bill Creek waterfalls	 posted="1558398228"
47895151781	Portable Air Cleaner Purifier Filter Odor Smoke Eater Indoor Home Asthma Pet UVC	 posted="1558397465"
