46981457535	Presbyterian Division E, Row 5, Plot 29	 posted="1558424162"
47845335702	Presbyterian Division E, Row 5, Plot 27	 posted="1558423365"
34002161858	Presbyterian Division E, Row 4, Plots 40 &amp; 42	 posted="1558253881"
32930411137	1885_santa_maria_della_salute_sunset_2k	 posted="1558186048"
46946469915	1883_by_the_seashore_2k	 posted="1558015362"
47064459654	LOST/stolen brown w/ white dog Chihuahua in #forestlawn pls rt watch share to help find BELLA Do not chase YYC Pet Recovery shared a post. MISSING DOG! Female Chihuahua. HER name is BELLA. Usually wearing a red collar with her name on the tag. She has two	 posted="1557904493"
47853751351	Leukemia Cancer Survivor Mug Gifts Funny Gag Gift Coffee Mug Tea Cup White 11 oz	 posted="1557902918"
46941811045	[74857] Sledmere House : Chapel - Sir Mark Sykes, 6th Baronet	 posted="1557952320"
40884594893	[74853] Sledmere House : Sir Mark Sykes, 6th Baronet &amp; Lady Sykes	 posted="1557870325"
47796171932	[74806] Sledmere House : Sir Mark Sykes	 posted="1557839681"
